,url,level,source
0,https://www.linkedin.com/in/antony-jenkins/,L4,Successful
1,https://www.linkedin.com/in/ben-hindson-09739813/,L4,Successful
2,https://www.linkedin.com/in/serge-saxonov-7b42572/,L4,Successful
3,https://www.linkedin.com/in/junling-liu-2b90724/,L5,Successful
4,https://www.linkedin.com/in/dun-xiao-3622629/,L4,Successful
5,https://www.linkedin.com/in/micha-grueber-10227814,L4,Successful
6,https://www.linkedin.com/in/philip-liesenfeld-a31851180,L5,Successful
7,https://www.linkedin.com/in/philipp-schr%C3%B6der-b94b6576,L5,Successful
8,https://www.linkedin.com/in/jannik-schall,L3,Successful
9,https://linkedin.com/in/k06aa,L3,Successful
10,https://www.linkedin.com/in/deacix/,L2,Successful
11,https://www.linkedin.com/in/sebastien-mignot-83327b29,L3,Successful
12,https://www.linkedin.com/in/nicoconut/,L2,Successful
13,http://fr.linkedin.com/pub/guillaume-alary-raisonnier/29/486/984/en,L4,Successful
14,https://www.linkedin.com/in/simon-shung-63186b73,L3,Successful
15,https://www.linkedin.com/in/theresajanke/,L3,Successful
16,https://www.linkedin.com/in/davidkirnmd,L4,Successful
17,https://www.linkedin.com/in/ed-tourtellotte-5249441,L4,Successful
18,https://www.linkedin.com/in/david-kelleher-042278,L4,Successful
19,https://www.linkedin.com/in/shiwei-hu-03383527,L4,Successful
20,https://www.linkedin.com/in/kentcyq,L4,Successful
21,https://www.linkedin.com/in/wenyuan-dai-088a7655/,L4,Successful
22,https://www.linkedin.com/in/feng-tian-6b109a77,L4,Successful
23,https://www.linkedin.com/in/panguozhang/,L2,Successful
24,https://www.linkedin.com/in/yunming-wang-b479a583/,L4,Successful
25,http://www.linkedin.com/in/premaljshah,L4,Successful
26,https://www.linkedin.com/in/viralbajaria,L4,Successful
27,https://www.linkedin.com/in/scott-miller-2839826,L4,Successful
28,https://www.linkedin.com/in/christopherpetty,L3,Successful
29,https://www.linkedin.com/in/kjknopp,L5,Successful
30,https://www.linkedin.com/in/steve-araiza-70b94a3,L5,Successful
31,http://www.linkedin.com/in/christopherdavidbrown,L4,Successful
32,https://www.linkedin.com/in/michaeljobin,L3,Successful
33,https://www.linkedin.com/in/leehappy,L5,Successful
34,https://www.linkedin.com/in/steven-ho%E4%BD%95%E8%8B%B1%E5%9C%BB-9949a971/,L5,Successful
35,https://www.linkedin.com/in/davidfenkel,L3,Successful
36,https://www.linkedin.com/in/matthew-bires-8502277,L5,Successful
37,https://www.linkedin.com/in/danielrkatz,L2,Successful
38,https://www.linkedin.com/in/hannes-wiese-4a915b165,L4,Successful
39,https://www.linkedin.com/in/tarek-m%C3%BCller-19898845/,L4,Successful
40,https://www.linkedin.com/in/sebastian-betz-47280b18/,L5,Successful
41,https://www.linkedin.com/in/robert-f-carey-042a101/,L4,Successful
42,https://www.linkedin.com/in/magnachef,L3,Successful
43,https://www.linkedin.com/in/luis-dussan-3704516/,L3,Successful
44,https://www.linkedin.com/in/ransom-wuller-78502439/,L3,Successful
45,https://www.linkedin.com/in/faen-zhang-0ab57653/,L3,Successful
46,https://www.linkedin.com/in/jaume-pons-7560384,L3,Successful
47,https://www.linkedin.com/in/matanya/,L3,Successful
48,https://www.linkedin.com/in/erick-davidson-3a14325/,L3,Successful
49,https://www.linkedin.com/in/rileyr/,L4,Successful
50,https://www.linkedin.com/in/ethane/,L3,Successful
51,https://www.linkedin.com/in/gustavo-sapoznik-91858b84,L5,Successful
52,https://www.linkedin.com/in/carl-firth-9919301,L4,Successful
53,https://www.linkedin.com/in/abelavellanemc/,L4,Successful
54,https://www.linkedin.com/in/brand-florian/,L4,Successful
55,https://www.linkedin.com/in/christian-bertermann-02513a52,L4,Successful
56,https://www.linkedin.com/in/hakan-koc,L4,Successful
57,https://www.linkedin.com/in/kevin-heyries-1ab71525/,L3,Successful
58,https://www.linkedin.com/in/v%C3%A9ronique-lecault-b7353434/,L4,Successful
59,https://www.linkedin.com/in/david-fischell-94417219,L5,Successful
60,http://www.linkedin.com/in/evanreiser,L4,Successful
61,https://www.linkedin.com/in/sanjay-jeyakumar/,L4,Successful
62,https://www.linkedin.com/in/sean-mcclain-259a4a53,L4,Successful
63,https://www.linkedin.com/in/mfirsau/,L3,Successful
64,https://www.linkedin.com/in/nick-tuzenko/,L4,Successful
65,https://www.linkedin.com/in/tjeerd-barf-5339932/,L4,Successful
66,https://www.linkedin.com/in/sergio-quezada-6ba56015/,L3,Successful
67,https://www.linkedin.com/in/charles-swanton-29a52011/,L5,Successful
68,https://www.linkedin.com/in/thevarundua,L4,Successful
69,https://www.linkedin.com/in/walter-cruttenden-58097b34,L4,Successful
70,https://www.linkedin.com/in/joshuawalsh/,L3,Successful
71,https://www.linkedin.com/in/mikemurchison,L4,Successful
72,https://www.linkedin.com/in/davidhariri,L3,Successful
73,https://www.linkedin.com/in/prof-dr-martin-christian-hirsch-8636855,L4,Successful
74,https://www.linkedin.com/in/clairenovorol,L4,Successful
75,https://www.linkedin.com/in/nathrath,L4,Successful
76,https://www.linkedin.com/in/peter-luo-80b9675/,L4,Successful
77,https://www.linkedin.com/in/daniel-vallejo-83a01a41/,L3,Successful
78,https://www.linkedin.com/in/elmer-ortega-0112ba40/,L3,Successful
79,https://www.linkedin.com/in/paul1,L3,Successful
80,https://www.linkedin.com/in/manuel-kniep-3bbb36108,L3,Successful
81,https://www.linkedin.com/in/dr-yaron-galanty-0b365784,L3,Successful
82,https://www.linkedin.com/in/gabriel-balmus-17aa5843/,L3,Successful
83,https://www.linkedin.com/in/stephen-jackson-5aa234122/,L5,Successful
84,https://www.linkedin.com/in/andreasglaenzer,L3,Successful
85,https://www.linkedin.com/in/aigelsboeck,L4,Successful
86,https://www.linkedin.com/in/martin-brunthaler,L4,Successful
87,https://www.linkedin.com/in/sjwolf,L5,Successful
88,https://www.linkedin.com/in/sebastian-schneeweiss-23932ab2/,L4,Successful
89,https://www.linkedin.com/in/jeremy-rassen-952b4330,L4,Successful
90,https://www.linkedin.com/in/allon-rauer-64222/,L3,Successful
91,https://www.linkedin.com/in/soroushs,L4,Successful
92,https://www.linkedin.com/in/mina-rezk-80632a3,L4,Successful
93,https://www.linkedin.com/in/doron-harlev-b78260,L4,Successful
94,https://www.linkedin.com/in/drarjungoyal,L5,Successful
95,https://www.linkedin.com/in/jak-knowles-8b0bb83b,L5,Successful
96,https://www.linkedin.com/in/richard-malley-62682386/,L3,Successful
97,https://www.linkedin.com/in/george-siber-b194516,L4,Successful
98,https://www.linkedin.com/in/maxlevchin/,L4,Successful
99,https://www.linkedin.com/in/nick-molnar-478a642a/,L4,Successful
100,https://www.linkedin.com/in/anthony-eisen-a8613814/,L4,Successful
101,https://www.linkedin.com/in/zhaopeng-chen-b82804100/,L4,Successful
102,https://www.linkedin.com/in/jonathan-hurst-b9037a5/,L3,Successful
103,https://www.linkedin.com/in/listerine/,L4,Successful
104,https://www.linkedin.com/in/tozhao/,L4,Successful
105,https://www.linkedin.com/in/yuanqing-lin-8666789/,L4,Successful
106,https://www.linkedin.com/in/gal-yaniv-54775837,L4,Successful
107,https://www.linkedin.com/in/michael-b-braginsky-72885616,L3,Successful
108,https://www.linkedin.com/in/guy-reiner-6173a431,L4,Successful
109,https://www.linkedin.com/in/elad-walach-b3439613,L3,Successful
110,https://www.linkedin.com/in/bryan-walser-md-jd-503273/,L5,Successful
111,https://www.linkedin.com/in/robinkhuda/,L5,Successful
112,https://www.linkedin.com/in/thejo,L4,Successful
113,https://www.linkedin.com/in/micheltricot,L4,Successful
114,https://www.linkedin.com/in/jeanhenrilafleur,L4,Successful
115,https://www.linkedin.com/in/xdurand,L2,Successful
116,https://www.linkedin.com/pub/olivier-pailhes/0/443/50a,L4,Successful
117,https://www.linkedin.com/pub/jonathan-anguelov/11/466/143,L4,Successful
118,http://www.linkedin.com/pub/alan-khalili/6/638/b8b,L3,Successful
119,http://www.linkedin.com/in/howieliu,L4,Successful
120,https://www.linkedin.com/in/aofstad/,L4,Successful
121,https://www.linkedin.com/in/emmett-nicholas-7221ba25,L5,Successful
122,https://www.linkedin.com/in/jack-zhang-05200222,L4,Successful
123,https://www.linkedin.com/in/awxlucy/,L3,Successful
124,https://www.linkedin.com/in/ctryfonas/,L4,Successful
125,https://www.linkedin.com/in/oskarisaarenmaa/,L4,Successful
126,https://www.linkedin.com/in/andersonsumarli/,L2,Successful
127,https://www.linkedin.com/in/yada-piyajomkwan-88713865,L2,Successful
128,https://www.linkedin.com/in/duke-rohlen-7610a2a,L4,Successful
129,https://www.linkedin.com/in/fredericdegombert/,L3,Successful
130,https://www.linkedin.com/in/benoit-jacquemont-657aba9,L5,Successful
131,http://www.linkedin.com/in/yoavkutner,L5,Successful
132,https://www.linkedin.com/in/nicolasdupontakeneo,L4,Successful
133,https://www.linkedin.com/in/nikolay-samusik-50a96216/,L3,Successful
134,https://www.linkedin.com/in/yuri-goltsev-7442b552,L2,Successful
135,https://www.linkedin.com/in/garry-nolan-0b4315,L4,Successful
136,https://www.linkedin.com/in/brian-goodman-8753a13/,L5,Successful
137,https://www.linkedin.com/in/charles-gorintin-12bb1119/,L3,Successful
138,https://www.linkedin.com/in/jcsamuelian,L4,Successful
139,http://www.linkedin.com/in/ssangani/,L4,Successful
140,https://www.linkedin.com/in/venky-ganti-2679a2/,L4,Successful
141,https://www.linkedin.com/in/akalb/en/,L4,Successful
142,https://www.linkedin.com/in/neilgrunberg/,L3,Successful
143,https://www.linkedin.com/in/bradymurphy/,L3,Successful
144,https://www.linkedin.com/in/andrzej-baraniak-2195b71/,L4,Successful
145,https://www.linkedin.com/in/nikil-viswanathan-1899693,L4,Successful
146,https://www.linkedin.com/in/asa-abeliovich-59735a5,L5,Successful
147,https://www.linkedin.com/in/arnon-rosenthal-phd-676b928,L5,Successful
148,https://www.linkedin.com/in/farzad-mostashari-933210/,L4,Successful
149,https://www.linkedin.com/in/mat-kendall-460ba91/,L4,Successful
150,https://www.linkedin.com/in/giorgio-anania-73ab083/,L5,Successful
151,https://www.linkedin.com/in/philippe-gilet-9a68a825/,L3,Successful
152,https://www.linkedin.com/in/xavier-hugon-abba3739/,L4,Successful
153,https://www.linkedin.com/in/raymond-chu,L2,Successful
154,https://www.linkedin.com/in/1howardwu,L3,Successful
155,http://www.linkedin.com/in/julienlemoine,L3,Successful
156,http://www.linkedin.com/in/nicolasdessaigne/,L4,Successful
157,https://www.linkedin.com/in/matheus-moraes-8855a014,L4,Successful
158,https://www.linkedin.com/in/andreflorence,L4,Successful
159,https://www.linkedin.com/in/reza-kazerounian/,L4,Successful
160,https://www.linkedin.com/in/johnkao1,L4,Successful
161,https://www.linkedin.com/in/lawrence-m-blatt-065b2a192,L5,Successful
162,http://www.linkedin.com/in/drdavealbert,L4,Successful
163,http://www.linkedin.com/pub/ashley-dombkowski/44/656/678,L4,Successful
164,https://www.linkedin.com/in/jzwillinger/,L4,Successful
165,https://www.linkedin.com/in/timbrown64,L2,Successful
166,https://www.linkedin.com/in/jason-scott-b9b0592b/,L3,Successful
167,https://www.linkedin.com/in/john-wilson-b778884/,L5,Successful
168,https://www.linkedin.com/in/ann-leen-49888916a/,L4,Successful
169,https://www.linkedin.com/in/laura-spiekerman-7306065/,L4,Successful
170,https://www.linkedin.com/in/charleshearn/,L3,Successful
171,https://fr.linkedin.com/in/louischatriot,L4,Successful
172,https://www.linkedin.com/in/harryritter/,L3,Successful
173,https://www.linkedin.com/in/jorozco1/,L3,Successful
174,https://www.linkedin.com/in/aualvarez/,L4,Successful
175,http://www.linkedin.com/in/jkokko,L4,Successful
176,https://www.linkedin.com/in/tony-pialis-8500b42,L5,Successful
177,https://www.linkedin.com/in/mattieuga/,L4,Successful
178,https://www.linkedin.com/in/jamiekarraker/,L4,Successful
179,https://www.linkedin.com/in/chayes102/,L4,Successful
180,https://www.linkedin.com/in/charles-esdaile-a639694,L4,Successful
181,https://www.linkedin.com/in/jpemul06,L3,Successful
182,https://www.linkedin.com/in/thomas-z-57868b37/,L4,Successful
183,https://www.linkedin.com/in/junwei-huo-46115b2b/,L3,Successful
184,https://www.linkedin.com/in/peijiuli,L3,Successful
185,https://www.linkedin.com/in/michael-wu-8583a820/,L4,Successful
186,https://www.linkedin.com/in/tony-yuhao-he-330b6559,L2,Successful
187,https://www.linkedin.com/in/david-blaauw-4140981/,L4,Successful
188,https://www.linkedin.com/in/scott-hanson-82707b7,L3,Successful
189,https://www.linkedin.com/in/dennis-sylvester-68a938/,L4,Successful
190,https://www.linkedin.com/in/david-bradwell-5691b84,L3,Successful
191,https://www.linkedin.com/in/markus-grompe-m-d-66211273/,L3,Successful
192,https://www.linkedin.com/in/renee-j-james-64182424/,L4,Successful
193,https://www.linkedin.com/in/asantomo/,L4,Successful
194,http://www.linkedin.com/in/johndesouza1,L4,Successful
195,https://www.linkedin.com/in/khassounah/,L4,Successful
196,https://www.linkedin.com/in/pamela-netzky-571b08126,L3,Successful
197,https://www.linkedin.com/in/jason-cohen-8963199,L4,Successful
198,https://www.linkedin.com/in/spenserskates,L4,Successful
199,https://www.linkedin.com/in/jeffreyw314159/,L4,Successful
200,https://www.linkedin.com/in/jwsass/,L4,Unsuccessful
201,https://www.linkedin.com/in/colinccampbell/,L4,Unsuccessful
202,https://www.linkedin.com/in/dirkbhagat/,L5,Unsuccessful
203,https://www.linkedin.com/in/bobosu/,L3,Unsuccessful
204,https://www.linkedin.com/in/otis-fan-47619247/,L2,Unsuccessful
205,https://www.linkedin.com/in/robert-chen-952b8283,L2,Unsuccessful
206,https://www.linkedin.com/in/igorbelyayev/,L2,Unsuccessful
207,https://www.linkedin.com/in/donovanjanus,L3,Unsuccessful
208,https://www.linkedin.com/in/kristina-lagerstedt-5ab3b54b/,L3,Unsuccessful
209,https://www.linkedin.com/in/susanne-staaf-65a32b20/?locale=de_DE,L3,Unsuccessful
210,https://www.linkedin.com/in/ivar-kristjansson-779b,L4,Unsuccessful
211,https://www.linkedin.com/in/nicolasduranl/,L2,Unsuccessful
212,https://www.linkedin.com/in/zieglerjoerg/,L3,Unsuccessful
213,https://www.linkedin.com/in/lucgervais/,L3,Unsuccessful
214,https://www.linkedin.com/in/samcaucci,L2,Unsuccessful
215,http://www.linkedin.com/pub/alexandre-fourtoy/8/9b6/865,L4,Unsuccessful
216,https://www.linkedin.com/in/robdarby200degs,L4,Unsuccessful
217,https://www.linkedin.com/in/tom-vincent-24b4b913,L2,Unsuccessful
218,https://www.linkedin.com/in/alex-smereczniak-40310329/,L2,Unsuccessful
219,https://www.linkedin.com/in/daquisto,L2,Unsuccessful
220,https://www.linkedin.com/in/andrea-verdelocco-1ab87683/,L3,Unsuccessful
221,https://www.linkedin.com/in/elisabetta-mari/?locale=it_IT,L2,Unsuccessful
222,https://www.linkedin.com/in/FilippoAgostino/,L2,Unsuccessful
223,https://www.linkedin.com/in/mfilippi/,L3,Unsuccessful
224,https://www.linkedin.com/in/jamesrileyten54/,L2,Unsuccessful
225,https://www.linkedin.com/in/chris-knight-16a6a319,L2,Unsuccessful
226,https://www.linkedin.com/in/jozefdobos/,L4,Unsuccessful
227,http://www.linkedin.com/pub/dmitry-morozov/0/580/218,L4,Unsuccessful
228,https://www.linkedin.com/in/cullen-hilkene-b9a65822,L3,Unsuccessful
229,https://www.linkedin.com/in/chrisknudsen,L4,Unsuccessful
230,https://www.linkedin.com/in/starcunningham8/,L4,Unsuccessful
231,https://www.linkedin.com/in/vivek-malhotra-733161,L3,Unsuccessful
232,https://www.linkedin.com/in/syed-s-ahmed-06553114/?originalSubdomain=in,L3,Unsuccessful
233,https://www.linkedin.com/in/lev-volftsun-3672706,L4,Unsuccessful
234,https://www.linkedin.com/in/garry-drummond-cissp-cwna-cwsp-7964b83,L3,Unsuccessful
235,https://www.linkedin.com/in/dawn-russell-0230a235,L2,Unsuccessful
236,https://www.linkedin.com/in/janellewang2011,L3,Unsuccessful
237,https://www.linkedin.com/in/peter-treadway-49496844,L2,Unsuccessful
238,https://www.linkedin.com/in/sandy-shaw-2b0242168,L4,Unsuccessful
239,https://www.linkedin.com/in/ra%C3%BAl-aragon%C3%A9s-ortiz-phd-77bb9a60/,L3,Unsuccessful
240,https://www.linkedin.com/in/jos%C3%A9-antonio-molina-rodr%C3%ADguez-b1558327/,L3,Unsuccessful
241,https://www.linkedin.com/in/vosspeter/,L4,Unsuccessful
242,http://www.linkedin.com/in/matijazulj,L3,Unsuccessful
243,https://www.linkedin.com/in/hajime-shirasaka-b2b11868,L3,Unsuccessful
244,http://www.linkedin.com/in/lukemcdonough,L4,Unsuccessful
245,http://www.linkedin.com/in/massimoruffolo,L3,Unsuccessful
246,https://www.linkedin.com/in/lindaoro,L3,Unsuccessful
247,https://www.linkedin.com/in/amaldaraziz/,L4,Unsuccessful
248,https://www.linkedin.com/in/philipmonroe,L3,Unsuccessful
249,https://www.linkedin.com/in/landon-bloomer-6931b446/,L3,Unsuccessful
250,https://www.linkedin.com/in/luc-b-perussault-diallo-99525519/,L3,Unsuccessful
251,https://www.linkedin.com/in/abdoul-kadry-diallo-a7295b73,L3,Unsuccessful
252,https://www.linkedin.com/in/moulaye-taboure-78280041,L3,Unsuccessful
253,https://www.linkedin.com/in/amirazhari,L3,Unsuccessful
254,https://www.linkedin.com/in/richardtyliang/,L3,Unsuccessful
255,https://www.linkedin.com/in/hamidalem/,L3,Unsuccessful
256,https://www.linkedin.com/in/abdullahjubayer,L2,Unsuccessful
257,https://www.linkedin.com/in/ryota-kanai-3585979/,L3,Unsuccessful
258,https://www.linkedin.com/in/rossarnott/,L4,Unsuccessful
259,https://www.linkedin.com/in/lauren-guy-9bb55351/,L3,Unsuccessful
260,https://www.linkedin.com/in/chrisgomersall,L4,Unsuccessful
261,https://www.linkedin.com/in/therese-kinsella-7b044577/,L3,Unsuccessful
262,https://www.linkedin.com/in/astojanovic,L4,Unsuccessful
263,https://www.linkedin.com/in/saschaknopp/,L3,Unsuccessful
264,http://www.linkedin.com/pub/parsa-ghaffari/24/a/a73,L3,Unsuccessful
265,https://www.linkedin.com/in/maggie-winter-b1850a6,L2,Unsuccessful
266,https://www.linkedin.com/in/asokan-sattanathan-2871054,L4,Unsuccessful
267,https://www.linkedin.com/in/dolmarie-mendez-dolmariemendez/,L3,Unsuccessful
268,https://www.linkedin.com/in/bjorkli/,L3,Unsuccessful
269,https://www.linkedin.com/in/arve-voldsund-891b7a3,L3,Unsuccessful
270,https://www.linkedin.com/in/kjell-are-furnes-a16b921,L3,Unsuccessful
271,https://www.linkedin.com/in/j%C3%B8rn-refsn%C3%A6s-2b8b6712,L1,Unsuccessful
272,https://www.linkedin.com/in/howardrussell/,L5,Unsuccessful
273,https://www.linkedin.com/in/jack-cornelius-8bb39b7/,L3,Unsuccessful
274,https://www.linkedin.com/in/labasky,L4,Unsuccessful
275,https://www.linkedin.com/in/alexcram,L4,Unsuccessful
276,https://www.linkedin.com/in/trentbigelow,L3,Unsuccessful
277,https://www.linkedin.com/in/abhishek-ramkumar-1650814,L3,Unsuccessful
278,https://www.linkedin.com/in/peterhaberz,L3,Unsuccessful
279,https://www.linkedin.com/in/benjaminjameswong,L2,Unsuccessful
280,https://www.linkedin.com/in/charbel,L4,Unsuccessful
281,https://www.linkedin.com/in/jarrett-reid-whitaker-phd-a155413a,L3,Unsuccessful
282,https://www.linkedin.com/in/eric-haberichter-23138516,L3,Unsuccessful
283,http://www.linkedin.com/in/idanbenaim1,L4,Unsuccessful
284,https://www.linkedin.com/in/mikael-egard-a51b1321?authType=name&authToken=Dtr1&trk=prof-sb-browse_map-name,L3,Unsuccessful
285,https://www.linkedin.com/in/mats-%C3%A4rlelid-89260439?authType=name&authToken=dBhA&trk=prof-sb-browse_map-name,L4,Unsuccessful
286,https://www.linkedin.com/in/glenn-c-vitale-dpm-facfas-a9b8461b,L2,Unsuccessful
287,https://www.linkedin.com/in/charles-mann-354b935/,L2,Unsuccessful
288,https://www.linkedin.com/in/allen-barnes-9a831172/,L2,Unsuccessful
289,https://www.linkedin.com/in/berrysingh/,L3,Unsuccessful
290,https://www.linkedin.com/in/nitin-chhabra-5496007/,L4,Unsuccessful
291,https://www.linkedin.com/in/matthew-macewan-4229b941/,L3,Unsuccessful
292,https://www.linkedin.com/in/mdmobashir/,L3,Unsuccessful
293,https://www.linkedin.com/in/nimanthab,L3,Unsuccessful
294,https://www.linkedin.com/in/rmaunier,L3,Unsuccessful
295,https://www.linkedin.com/in/daniel-katz-a14794,L4,Unsuccessful
296,https://www.linkedin.com/in/serguei-okhonin-4b96102,L4,Unsuccessful
297,https://www.linkedin.com/in/michael-amitay-a42aba65/,L3,Unsuccessful
298,http://www.linkedin.com/in/ryankcroft,L2,Unsuccessful
299,http://www.linkedin.com/in/caywood,L4,Unsuccessful
300,https://www.linkedin.com/in/kin-yu-8719591/,L2,Unsuccessful
301,https://www.linkedin.com/in/athan-tolis-077392175/?originalSubdomain=uk,L3,Unsuccessful
302,https://www.linkedin.com/in/quinnted,L4,Unsuccessful
303,https://www.linkedin.com/in/justin-ichida-419b5545/,L3,Unsuccessful
304,https://www.linkedin.com/in/qingliunew,L4,Unsuccessful
305,https://www.linkedin.com/in/mollymmcfarland/,L3,Unsuccessful
306,https://www.linkedin.com/in/gabriel-smith-935ab914/,L3,Unsuccessful
307,https://www.linkedin.com/in/busby,L4,Unsuccessful
308,https://www.linkedin.com/in/dangrig,L3,Unsuccessful
309,https://www.linkedin.com/in/mmorrisonoconnor/,L4,Unsuccessful
310,https://www.linkedin.com/in/vic-ramon-4326a77/,L4,Unsuccessful
311,https://www.linkedin.com/in/connor-burden-589238b2/,L2,Unsuccessful
312,https://www.linkedin.com/in/kristian-curkovic-16a65316/,L2,Unsuccessful
313,http://www.linkedin.com/in/kalpatel1,L4,Unsuccessful
314,http://www.linkedin.com/in/wietecha,L4,Unsuccessful
315,http://www.linkedin.com/in/elliotehirsch,L4,Unsuccessful
316,https://www.linkedin.com/in/james-robar-6b165a3,L2,Unsuccessful
317,http://www.linkedin.com/in/robprentice,L3,Unsuccessful
318,http://www.linkedin.com/in/robcromer,L4,Unsuccessful
319,http://www.linkedin.com/in/buzzwiggins,L4,Unsuccessful
320,http://www.linkedin.com/in/etamar,L3,Unsuccessful
321,http://www.linkedin.com/in/thejonwest,L3,Unsuccessful
322,https://www.linkedin.com/in/jasontbrooks,L3,Unsuccessful
323,https://www.linkedin.com/in/gabrielkamienny/,L4,Unsuccessful
324,https://www.linkedin.com/in/andr%C3%A9-hegge-28a05728/?originalSubdomain=se,L2,Unsuccessful
325,https://www.linkedin.com/in/deepakaatresh,L4,Unsuccessful
326,https://www.linkedin.com/in/laura-bowen-0100ab30/,L2,Unsuccessful
327,https://www.linkedin.com/in/nickmoutter/,L3,Unsuccessful
328,https://www.linkedin.com/in/jameshartig/,L2,Unsuccessful
329,https://www.linkedin.com/in/nathan-hagen-256ba749/,L2,Unsuccessful
330,https://www.linkedin.com/in/marc-d-feldman-a43b401a/,L3,Unsuccessful
331,https://www.linkedin.com/in/baptistebrunin/,L5,Unsuccessful
332,https://www.linkedin.com/in/nicolas-de-bussch%C3%A8re-3ab08617/,L4,Unsuccessful
333,https://www.linkedin.com/in/pierrefigeat/,L2,Unsuccessful
334,https://www.linkedin.com/in/marcelena/,L3,Unsuccessful
335,https://www.linkedin.com/in/juanantoniorobles/,L4,Unsuccessful
336,https://www.linkedin.com/in/fritzrichter/,L3,Unsuccessful
337,https://www.linkedin.com/in/sebastian-doerfel-65029b6/,L2,Unsuccessful
338,https://www.linkedin.com/in/tom-laband-75a08626/,L5,Unsuccessful
339,https://www.linkedin.com/in/nilsforsblom/,L3,Unsuccessful
340,https://www.linkedin.com/in/ludwigostrowski/,L2,Unsuccessful
341,https://www.linkedin.com/in/jmoldvay/,L3,Unsuccessful
342,https://www.linkedin.com/in/phil-faris-07166,L4,Unsuccessful
343,https://www.linkedin.com/in/smitibhattdeorah,L3,Unsuccessful
344,https://www.linkedin.com/in/sourabh-deorah-a4912b1a,L3,Unsuccessful
345,http://www.linkedin.com/in/ryanaviles,L3,Unsuccessful
346,https://www.linkedin.com/in/rosali-steenkamer-a46537,L3,Unsuccessful
347,https://www.linkedin.com/in/diederick-van-thiel-a4710b5,L4,Unsuccessful
348,https://www.linkedin.com/in/maximilian-block/,L3,Unsuccessful
349,https://www.linkedin.com/in/jacobsass/,L2,Unsuccessful
350,https://www.linkedin.com/in/chadjoshi,L3,Unsuccessful
351,https://www.linkedin.com/in/hendi-chandi-4848a81,L2,Unsuccessful
352,https://www.linkedin.com/in/boris-sanjaya-63250ab,L3,Unsuccessful
353,https://www.linkedin.com/in/robert-wass-adzooma,L2,Unsuccessful
354,https://www.linkedin.com/in/david-sharpe-56b095104,L2,Unsuccessful
355,https://www.linkedin.com/in/thomas-rodrigues-42a80813,L3,Unsuccessful
356,https://www.linkedin.com/in/paulo-silvestrin-04775b22,L3,Unsuccessful
357,https://www.linkedin.com/in/francoismorel/,L3,Unsuccessful
358,https://www.linkedin.com/in/davidgrant/,L4,Unsuccessful
359,https://www.linkedin.com/in/patrickpfeffer/,L4,Unsuccessful
360,https://www.linkedin.com/in/stanislaulitvinau,L3,Unsuccessful
361,https://www.linkedin.com/in/dmitrii-zotov,L3,Unsuccessful
362,https://www.linkedin.com/in/nikhil-pereira-kamath-41ba6513/,L4,Unsuccessful
363,https://www.linkedin.com/in/lloyd-vincent-18a9a89,L3,Unsuccessful
364,https://www.linkedin.com/in/samuel-gikandi-6246aa14/,L3,Unsuccessful
365,https://www.linkedin.com/in/eston-kimani,L4,Unsuccessful
366,https://www.linkedin.com/in/stephen-walker-852b5130,L2,Unsuccessful
367,https://www.linkedin.com/in/ruben-walker-326a58,L2,Unsuccessful
368,https://www.linkedin.com/in/mikujha/,L4,Unsuccessful
369,https://www.linkedin.com/in/steve-waye-84522814/,L2,Unsuccessful
370,https://www.linkedin.com/in/andrew-trees-53985b6/,L3,Unsuccessful
371,https://www.linkedin.com/in/gausjohn/,L4,Unsuccessful
372,https://www.linkedin.com/in/nicolas-rossi-brotfeld,L3,Unsuccessful
373,https://www.linkedin.com/in/andre-gauthier,L2,Unsuccessful
374,https://www.linkedin.com/in/mathieuallaire,L3,Unsuccessful
375,https://www.linkedin.com/in/paul-kussie-6522b6175,L3,Unsuccessful
376,https://www.linkedin.com/in/mameshin/,L4,Unsuccessful
377,https://www.linkedin.com/in/miquel-costa-ferrando-15a9422b,L3,Unsuccessful
378,https://www.linkedin.com/in/davidhorna,L3,Unsuccessful
379,https://www.linkedin.com/in/ihor-lys-7ab9a,L4,Unsuccessful
380,https://www.linkedin.com/in/nicholas-maderas-6b2087101,L3,Unsuccessful
381,https://www.linkedin.com/in/octavi-royo-70a301b9/,L3,Unsuccessful
382,https://www.linkedin.com/in/yehonatan-ben-hamozeg-55425237,L3,Unsuccessful
383,https://www.linkedin.com/in/michail-desyllas-17785730/,L2,Unsuccessful
384,https://www.linkedin.com/in/daghan-cam-11490629,L3,Unsuccessful
385,https://www.linkedin.com/in/rajkumarvivek,L4,Unsuccessful
386,https://www.linkedin.com/in/matthew-kowalczyk-a052a7,L3,Unsuccessful
387,https://www.linkedin.com/in/jasongulbinas,L4,Unsuccessful
388,https://www.linkedin.com/in/andrius-sutas/,L4,Unsuccessful
389,https://www.linkedin.com/in/alesisnovik,L3,Unsuccessful
390,https://www.linkedin.com/in/ash-esmaeili,L4,Unsuccessful
391,https://www.linkedin.com/in/abbas-sarraf-phd-1b100146,L3,Unsuccessful
392,https://www.linkedin.com/in/hamidbaghi/,L3,Unsuccessful
393,https://www.linkedin.com/in/chris-boas-b96387/,L4,Unsuccessful
394,https://www.linkedin.com/in/justin-ginn-62ba29115,L2,Unsuccessful
395,https://www.linkedin.com/in/david-fowler-36a8853,L4,Unsuccessful
396,https://www.linkedin.com/in/iancmpbll,L4,Unsuccessful
397,https://www.linkedin.com/in/luke-raymond-27019a51,L3,Unsuccessful
398,https://www.linkedin.com/in/johan-andreasson-a3871811,L3,Unsuccessful
399,http://www.linkedin.com/in/jonasgyalokay,L3,Unsuccessful